rules,words,coeff,tag
include_and,график проведения инструктажей,0,1
include_and,график инструктажа,0,2
include_and,график инструктажей,0,3
include_and,график проведения инструктажа по охране труда,0,4
include_and,график проведения инструктажей по охране труда,0,5
include_and,график инструктажей на рабочих местах,0,6
include_and,график инструктажей по охране труда,0,7
include_and,график проведение инструктажей по охране труда на предприятии,0,8
include_and,график проведения инструктажа сотрудников по охране труда,0,9
include_and,график проведения инструктажей и обучения,0,10
include_and,график проведения инструктажей и проверок знаний,0,11
include_and,график проведения инструктажей сотрудников предприятия,0,12
include_and,график прохождения инструктажей,0,13
include_and,график прохождения инструктажей по охране труда,0,14
include_and,графики проведения инструктажей,0,15
include_and,графики проведения инструктажей сотрудников,0,16
include_and,нужно ли утверждать график проведения инструктажей,0,17
include_and,нужно ли утверждать график проведения инструктажей на рабочем месте,0,18
include_and,инструктаж по охране труда при совмещении,0,19
include_and,инструктаж по охране труда при совмещении должностей,0,20
include_and,инструктаж по охране труда при совмещении профессий,0,21
include_and,инструктаж при совмещении,0,22
include_and,инструктажи при совмещении работ,0,23
include_and,инструктаж совместителей,0,24
include_and,инструктаж внешнего совместителя,0,25
include_and,инструктаж внутреннему совместителю,0,26
include_and,инструктаж для работников по совместительству,0,27
include_and,инструктаж на рабочем месте совместителей,0,28
include_and,инструктаж на рабочем месте совместителям,0,29
include_and,инструктаж по охране труда для внутренних совместителей,0,30
include_and,инструктаж при совместительстве,0,31
include_and,инструктажи для внутреннего совместителя,0,32
include_and,нужно ли проводить инструктаж на рабочем месте внешним совместителям,0,33
include_and,проводиться ли инструктаж с внешними совместителями,0,34
include_and,вновь принимаемых работники инструктаж,0,35
include_and,инструктаж повторно принятого работника,0,36
include_and,увольнение работника и принятие на следующий день проводить ли инструктажи,0,37
include_and,инструктаж при работе за компьютером,0,38
include_and,освобождение от инструктажа компьютер,0,39
include_and,инструктаж компьютер,0,40
include_and,инструктаж на рабочем месте при работе за компьютером,0,41
include_and,инструктаж при работе на персональном компьютере,0,42
include_and,можно ли освободить от инструктажа на рабочем месте специалиста по обслуживанию компьютера,0,43
include_and,освобождать ли от инструктажа тех кто работает за компьютером,0,44
include_and,проводить ли инструктаж с работниками работающими на персональным компьютере,0,45
include_and,требуется ли проводить инструктаж работникам эксплуатирующим компьютеры,0,46
include_and,инструктаж временного работника,0,47
include_and,инструктажи с работниками по срочному трудовому договору,0,48
include_and,при устройстве работника по срочному договору какие виды инструктажа проводить,0,49
include_and,инструктаж группой,0,50
include_and,как организовать инструктаж для нескольких работников,0,51
include_and,групповой инструктаж для сотрудников,0,52
include_and,групповой вводный инструктаж,0,53
include_and,инструктаж для группы,0,54
include_and,можно ли проводить групповой инструктаж по охране труда,0,55
include_and,"минтруд окончательно решит, можно ли освободить офисников от инструктажей по охране труда или нет",0,56
include_and,инструктаж офисных работников,0,57
include_and,нужен ли инструктаж на рабочем месте офисным работникам?,0,58
include_and,инструктаж на рабочем месте офис,0,59
include_and,инструктаж при работе на офисном оборудовании,0,60
include_and,как провести инструктаж по охране труда с офисными работниками,0,61
include_and,инструктаж для офисных,0,62
include_and,инструктаж для офисных работников,0,63
include_and,инструктаж на рабочем месте для офисников,0,64
include_and,инструктаж на рабочем месте для офисных работников,0,65
include_and,инструктаж на рабочем месте для офисных сотрудников,0,66
include_and,инструктаж на рабочем месте офисного сотрудника,0,67
include_and,инструктаж на рабочем месте офисным сотрудникам,0,68
include_and,инструктаж на рабочем месте офисных работников,0,69
include_and,инструктаж офисного работника,0,70
include_and,инструктаж офисным работникам,0,71
include_and,инструктаж офисных сотрудников,0,72
include_and,инструктаж по охране труда в офисе,0,73
include_and,инструктаж по охране труда для офиса,0,74
include_and,инструктаж по охране труда офисных работников,0,75
include_and,инструктаж по охране труда офисных сотрудников.,0,76
include_and,инструктаж по охране труда сотрудников офиса,0,77
include_and,инструктаж сотрудников офиса,0,78
include_and,инструктажи для офисных работников,0,79
include_and,инструктажи на рабочем месте с офисными работниками,0,80
include_and,инструктажи офисных работников,0,81
include_and,как проводить инструктаж офисным работникам,0,82
include_and,кто может провести инструктаж на рабочем месте с офисными работниками,0,83
include_and,могут ли офисные работники освобождаться от инструктажа на рабочем месте,0,84
include_and,можно ли освободить офисников от инструктажей по охране труда?,0,85
include_and,можно ли освободить офисных сотрудников от инструктажей на рабочем месте,0,86
include_and,надо ли проводить инструктажи с офисными работниками,0,87
include_and,нужен ли инструктаж тем кто работает на офисном оборудовании,0,88
include_and,нужно ли проводить инструктаж на рабочем месте офисным работникам,0,89
include_and,нужно ли проводить инструктаж на рабочем месте офисным сотрудникам,0,90
include_and,нужно ли проводить инструктаж офисным работникам,0,91
include_and,освободить от инструктажа на рабочем месте офисных сотрудников,0,92
include_and,освободить офис от инструктажей,0,93
include_and,освободить офисных сотрудников от инструктажа,0,94
include_and,периодический инструктаж работников офиса,0,95
include_and,периодичность проведения инструктажей по пожарной безопасности в офисах,0,96
include_and,проведение инструктажа на рабочем месте офис,0,97
include_and,проходят ли офисные работники инструктаж на рабочем месте,0,98
include_and,работник офиса инструктаж,0,99
include_and,требуется ли проводить инструктаж работникам офиса,0,100
include_and,можно ли обучением по охране труда заменить инструктаж,0,101
include_and,"нужно ли проводить инструктажи для сотрудников, которые прошли обучение по охране труда",0,102
include_and,нужен ли инструктаж на рабочем месте если есть обучение в учебном центре,0,103
include_and,"нужно ли проводить инструктаж для работников, которые прошли обучение по охране труда в учебном центре по 40-часовой программе",0,104
include_and,нужно ли проводить инструктаж на рабочем месте с руководителями подразделений которые прошли обучение по охране труда,0,105
include_and,нужно ли проводить инструктаж обученных специалистам,0,106
include_and,нужно ли проводить инструктаж работникам обученным в учебных центрах,0,107
include_and,"нужно ли проводить инструктаж работнику, если он обучен в специализированном центре",0,108
include_and,"нужно ли проводить инструктажи для руководителей, обученных в учебном центре",0,109
include_and,нужно ли проводить инструктажи и проверять знания руководителей? которые прошли обучение d специализированных организациях,0,110
include_and,нужно ли проводить инструктажи тому кто обучался в учебном центре,0,111
include_and,нужно ли проходить инструктаж после прохождения 40-ка часовой программы по охране труда,0,112
include_and,"нужны ли инструктажи по охране труда специалистам, обученным по 40 часовой программе по охране труда",0,113
include_and,обучение по охране труда нужен ли инструктаж,0,114
include_and,обязательно обученным в учебном центре по охране труда для проведения в своем отделе инструктажа на рабочем месте,0,115
include_and,должности освобожденные от инструктажа,0,116
include_and,перечень освобожденных от инструктажа на рабочем месте,0,117
include_and,освобожденные от инструктажа,0,118
include_and,список освобожденных от инструктажа,0,119
include_and,кого освобождать от инструктажа на рабочем месте,0,120
include_and,кто освобождается от инструктажа на рабочем месте,0,121
include_and,кто освобожден от инструктажа на рабочем месте,0,122
include_and,освободить от инструктажа,0,123
include_and,освободить от инструктажей,0,124
include_and,освобождение от инструктажа компьютер,0,125
include_and,освобожденные от инструктажа на рабочем месте,0,126
include_and,кого можно освободить от инструктажа,0,127
include_and,кого можно освободить от проведения инструктажей,0,128
include_and,кого можно освободить от прохождения инструктажей на рабочем месте?,0,129
include_and,кого освободить от инструктажа,0,130
include_and,кто освобождается от проведения инструктажей на рабочем месте,0,131
include_and,кто освобожден от инструктажа по охране труда,0,132
include_and,могут ли офисные работники освобождаться от инструктажа на рабочем месте,0,133
include_and,можно ли освободить офисников от инструктажей по охране труда?,0,134
include_and,можно ли освободить офисных сотрудников от инструктажей на рабочем месте,0,135
include_and,освободить от инструктажа на рабочем месте офисных сотрудников,0,136
include_and,освободить офис от инструктажей,0,137
include_and,освободить офисных сотрудников от инструктажа,0,138
include_and,освобождать ли от инструктажа тех кто работает за компьютером,0,139
include_and,освобождаются ли офисные сотрудники от проведения инструктажа на рабочем месте?,0,140
include_and,освобождение от инструктаж на рабочем месте,0,141
include_and,освобождение от инструктажа механика,0,142
include_and,освобождение от инструктажа по охране труда,0,143
include_and,освобождение от инструктажа по охране труда пользователям пэвм,0,144
include_and,освобождение от проведения инструктажей,0,145
include_and,освобождение от прохождения инструктажа,0,146
include_and,освобожденные от инструктажа по охране труда,0,147
include_and,освобожденных от инструктажа,0,148
include_and,кому можно не проводить инструктажи,0,149
include_and,кто не проходит инструктаж на рабочем месте,0,150
include_and,какой инструктаж если изменилось название организации,0,151
include_and,переименование организации инструктаж,0,152
include_and,смена наименования компании инструктаж,0,153
include_and,какой инструктаж провести при смене наименования организации,0,154
include_and,при смене наименования организации проводить инструктаж по охране труда повторный,0,155
include_and,инструктаж после декретного отпуска,0,156
include_and,инструктаж при выходе из декрета,0,157
include_and,инструктаж после декрета,0,158
include_and,инструктаж при выходе из отпуска по уходу за ребенком,0,159
include_and,инструктажи после выхода из декрета,0,160
include_and,какой инструктаж проводить после декретного отпуска,0,161
include_and,проводится инструктаж при выходе из декретного отпуска,0,162
include_and,выход после декрета инструктаж,0,163
include_and,выход работницы из декретного отпуска какие инструктажи проводить,0,164
include_and,декретный отпуск инструктажи по охране труда,0,165
include_and,должен ли сотрудник походить инструктаж после декретного отпуска,0,166
include_and,инструктаж для женщин после декретного отпуска,0,167
include_and,инструктаж для тех кто вышел из декрета,0,168
include_and,инструктаж по выходу из декретного отпуска,0,169
include_and,инструктаж по охране труда после декретного отпуска,0,170
include_and,инструктаж после выхода из декрета,0,171
include_and,инструктаж после выхода с декрета,0,172
include_and,инструктаж после отпуска по уходу за ребенком,0,173
include_and,инструктаж работнику из декретного,0,174
include_and,инструктаж сотрудника после декрета,0,175
include_and,инструктажи для выхода и з декрета,0,176
include_and,инструктажи из декрета,0,177
include_and,инструктажи после декретного отпуска,0,178
include_and,какой вид инструктажа необходимо провести с работником при выходе из отпуска по уходу за ребенком,0,179
include_and,какой инструктаж должен проходить сотрудник после декретного отпуска,0,180
include_and,какой инструктаж по охране труда должны проходить работники после выхода из декретного отпуска,0,181
include_and,какой инструктаж по охране труда провести после выхода из декрета,0,182
include_and,какой инструктаж провести при выходе из декретного отпуска,0,183
include_and,какой инструктаж провести с работником после выхода из декретного отпуска,0,184
include_and,какой инструктаж проводим после декретного отпуска,0,185
include_and,какой инструктаж проходит работник после декрета,0,186
include_and,какой проводить инструктаж при выходе из декретного отпуска,0,187
include_and,после декрета какой инструктаж проводить,0,188
include_and,инструктаж по охране труда работнику который вышел из декретного отпуска,0,189
include_and,инструктаж командированным,0,190
include_and,инструктаж командированному персоналу,0,191
include_and,инструктаж для командировочных,0,192
include_and,инструктаж командированных работников,0,193
include_and,инструктаж командировка,0,194
include_and,инструктаж для командированных,0,195
include_and,инструктаж командированный,0,196
include_and,какой инструктаж провести командированным,0,197
include_and,какой инструктаж проводить работнику командированному в другую организацию,0,198
include_and,какой инструктаж проводить командировочному сотруднику,0,199
include_and,при командировке в другую организацию какой инструктаж проводится на месте,0,200
include_and,при направлении в командировку на устранение аварийной ситуации инструктажи,0,201
include_and,как провести инструктаж персоналу убывающему в другое структурное подразделение,0,202
include_and,инструктаж для сотрудников выезжающих на объекты,0,203
include_and,штраф за не проведение инструктажа,0,204
include_and,штраф за не проведение инструктажей,0,205
include_and,штраф за непроведение инструктажей,0,206
include_and,штрафы за не проведение инструктажей,0,207
include_and,допуск к работе без инструктажа штраф,0,208
include_and,штраф если не проведен инструктаж,0,209
include_and,штраф за допуск к работе без инструктажа,0,210
include_and,штраф за инструктаж,0,211
include_and,штраф за не проведение инструктажа по охране труда,0,212
include_and,штраф за непроведение инструктажа,0,213
include_and,штраф за непроведение инструктажа на рабочем месте,0,214
include_and,штраф за непроведению инструктажа,0,215
include_and,штраф за несвоевременное проведение инструктажей,0,216
include_and,штраф не проведение инструктажей по охране труда,0,217
include_and,штрафы за инструктаж,0,218
include_and,штрафы за нарушения проведения инструктажей первичного и повторного на рабочем месте,0,219
include_and,штрафы за непроведение инструктажей по от,0,220
include_and,штрафы за непроведение инструктажей по от и пб,0,221
include_and,штрафы за непроведение инструктажей по охране труда,0,222
include_and,штрафы за непроведенные инструктажи первичного и повторного на рабочем месте,0,223
include_and,штрафы за непрохождение инструктажа,0,224
include_and,штрафы за отсутствие инструктажа,0,225
include_and,штрафы отсутствие инструктажей по охране труда,0,226
include_and,штрафы по охране труда за не проведение инструктажа на рабочем месть е,0,227
include_and,ответственность за допуск к работе без инструктажа на рабочем месте,0,228
include_and,ответственность за не проведение инструктажа на рабочем месте,0,229
include_and,ответственность за не проведение инструктаж,0,230
include_and,ответственность за не проведение инструктажей,0,231
include_and,ответственность за не проведения инструктажа,0,232
include_and,ответственность за незаполнение журнала инструктаж,0,233
include_and,ответственность за непроведение инструктажа,0,234
include_and,ответственность за непроведение инструктажей,0,235
include_and,если не проведен инструктаж,0,236
include_and,одновременно вводный инструктаж и инструктаж на рабочем месте,0,237
include_and,вводный и первичный одним днем,0,238
include_and,два инструктажа в один день,0,239
include_and,можно ли провести за один день два вида инструктажа одному работнику,0,240
include_and,сколько инструктажей в одну смену разрешается проводить,0,241
include_and,инструктаж о правилах применения сиз,0,242
include_and,инструктаж по применению сиз,0,243
include_and,инструктаж по сиз,0,244
include_and,инструктаж о применении спецодежды,0,245
include_and,инструктаж по использованию сиз,0,246
include_and,инструктаж по применению средств защиты,0,247
include_and,инструктаж по применению средств индивидуальной защиты,0,248
include_and,инструктаж по применению средств индивидуальной защиты,0,249
include_and,как обеспечить инструктаж по сиз,0,250
include_and,инструктаж для инспектора,0,251
include_and,инструктаж для проверяющих,0,252
include_and,инструктаж проверяющим,0,253
include_and,инструктаж с ревизорами,0,254
include_and,нужно ли проводить инструктаж для проверяющих,0,255
include_and,сколько времени проводить инструктаж,0,256
include_and,сколько часов длятся инструктаж,0,257
include_and,периодичность инструктажа по охране труда,0,258
include_and,периодичность инструктажей по охране труда,0,259
include_and,периодичность проведения инструктажа на рабочем месте,0,260
include_and,периодичность инструктажа,0,261
include_and,периодичность инструктажей по от,0,262
include_and,периодичность проведения инструктажа,0,263
include_and,периодичность проведения инструктажей по охране труда,0,264
include_and,периодичность инструктажей на рабочем месте,0,265
include_and,периодичность проведения инструктажа по охране труда,0,266
include_and,с какой периодичностью проводятся инструктажи по охране труда,0,267
include_and,инструктаж первичный периодичность,0,268
include_and,как определить периодичность инструктажа на рабочем месте,0,269
include_and,какая периодичность инструктажа у работников,0,270
include_and,какая периодичность инструктажей по охране труда,0,271
include_and,периодичность инструктажа на рабочем,0,272
include_and,периодичность проведения инструктажей на рабочем месте,0,273
include_and,периодичность проведения инструктажей по от,0,274
include_and,периодичность прохождения инструктажа на рабочем месте,0,275
include_and,периодичность прохождения инструктажей по от,0,276
include_and,периодичность прохождения инструктажей по охране труда для водителей,0,277
include_and,периоды проведения инструктажей,0,278
include_and,с какой периодичностью проводить инструктаж на рабочем месте,0,279
include_and,с какой периодичностью проводятся инструктажи,0,280
include_and,с какой периодичностью проводятся инструктажи по охране труда на рабочем месте,0,281
include_and,сроки проведения периодических (повторных) инструктажей по охране труда для электромонтера,0,282
include_and,как часто необходимо проводить инструктаж по охране труда,0,283
include_and,сроки проведения инструктажей по охране труда,0,284
include_and,в каких случаях инструктаж проводится раз в три месяца,0,285
include_and,в каких случаях проводят инструктаж 1 раз в 3 месяца?,0,286
include_and,сколько раз в году проводятся инструктажи на рабочем месте,0,287
include_and,сроки проведения инструктажа,0,288
include_and,сроки проведения инструктажа на рабочем месте,0,289
include_and,сроки проведения инструктажей,0,290
include_and,сроки проведения инструктажей на рабочем месте,0,291
include_and,инструктажи и сроки проведения,0,292
include_and,какой документ регламентирует соблюдение сроков проведения инструктажей,0,293
include_and,объединения инструктажа по охране труда и пожарной безопасности,0,294
include_and,можно или нет совместить инструктаж по пожарной безопасности и охране труда,0,295
include_and,можно ли инструктаж на рабочем месте совместить инструктажи по от и пб,0,296
include_and,можно ли объединить инструктаж по охране труда и по пожарной безопасности,0,297
include_and,можно ли совместить инструктажи по охране труда и пожарной безопасности,0,298
include_and,можно ли совместить проведение противопожарных инструктажей с инструктажами по охране труда?,0,299
include_and,можно ли совмещать инструктаж по охране труда и пожарной безопасности,0,300
include_and,можно ли проводить инструктаж до приема на работу,0,301
include_and,сколько должен храниться журнал инструктажей на рабочем месте,0,302
include_and,срок архивного хранения установлен для журналов регистрации инструктажей по охране труда,0,303
include_and,срок хранения журналов вводного инструктажа и инструктажа на рабочем месте по охране труда,0,304
include_and,журнал инструктажа срок хранения,0,305
include_and,журнал регистрации инструктажа на рабочем месте срок хранения,0,306
include_and,сколько нужно хранить журнал регистрации инструктажей на рабочем месте?,0,307
include_and,сколько хранится журнал регистрации инструктажа на рабочем месте,0,308
include_and,сколько хранится журнал регистрации инструктажей,0,309
include_and,сколько хранить журнал регистрации инструктажей на рабочем месте,0,310
include_and,сколько хранить журналы инструктажей,0,311
include_and,срок архивного хранения для журнала регистрации инструктажей по охране труда,0,312
include_and,срок архивного хранения журналов регистрации инструктажей по охране труда,0,313
include_and,срок хранения вводного журнала инструктажей,0,314
include_and,срок хранения для журнала регистрации инструктажей по охране труда,0,315
include_and,срок хранения журнала инструктажа на рабочем месите,0,316
include_and,срок хранения журнала инструктажа по охране труда,0,317
include_and,срок хранения журнала инструктажей,0,318
include_and,срок хранения журнала регистрации инструктажа на рабочем месте,0,319
include_and,срок хранения журнала регистрации инструктажа по охране труда,0,320
include_and,срок хранения журнала регистрации инструктажей,0,321
include_and,срок хранения журнала регистрации инструктажей на рабочем месте,0,322
include_and,срок хранения журналов инструктажа на рабочем месте,0,323
include_and,срок хранения журналов регистрации инструктажей,0,324
include_and,сроки действия журнала инструктажа на рабочем месте,0,325
include_and,сроки хранения журнала инструктажа,0,326
include_and,сроки хранения журналов инструктажа,0,327
include_and,сроки хранения журналов инструктажа работников сторонних организаций на объекте,0,328
include_and,сроки хранения журналов регистрации инструктажей,0,329
include_and,сроки хранения журналов регистрации инструктажей на рабочем месте,0,330
include_and,сроки хранения журналов регистрации инструктажей по охране труда,0,331
include_and,хранение журнала инструктаж,0,332
include_and,хранение журналов инструктажей,0,333
include_and,хранение журналов инструктажей по от,0,334
include_and,инструктаж для экскурсий,0,335
include_and,инструктаж при переводе сотрудника на вышестоящую должность,0,336
include_and,инструктаж при переводе,0,337
include_and,инструктажи при переводе с должности,0,338
include_and,как провести инструктаж при переводе работника на один день,0,339
include_and,перевод на другую должность инструктаж,0,340
include_and,при переводе на другое место работы в одной организации какие инструктажи,0,341
include_and,вид инструктажа при переводе на другую должность,0,342
include_and,если человека переводят с одной должности на другую како инструктаж по охране труда проводить,0,343
include_and,инструктаж на рабочем месте при переводе,0,344
include_and,"инструктаж по охране труда при переводе работника на другую работу для работников, переводимых на другую работу,",0,345
include_and,инструктаж по охране труда при переводе сотрудника,0,346
include_and,инструктаж при переводе из одного подразделения в другое,0,347
include_and,инструктаж при переводе на другую работу,0,348
include_and,инструктаж работника при переводе на другую должность,0,349
include_and,инструктажи по охране труда при переводе,0,350
include_and,какой вид инструктажа при переводе из одного подразделения в другое,0,351
include_and,какой инструктаж проводится при переводе из цеха в цех,0,352
include_and,какой инструктаж проводится при переводе на другую должность,0,353
include_and,какой инструктаж проводится с переводом в другую должность,0,354
include_and,какой инструктаж проводится с переводом должности на другую должность,0,355
include_and,какой инструктаж проводится с работником при переводе на другое производство,0,356
include_and,какой инструктаж проводить при переводе работника в другое подразделение,0,357
include_and,какой инструктаж проводить при переводе работника на другую профессию,0,358
include_and,какой инструктаж проводить работнику при переводе на другую работу,0,359
include_and,какой инструктаж проводить работнику при переводе на новую должность,0,360
include_and,какой инструктаж проводят при переводе на другую должность,0,361
include_and,нужно ли проводится инструктаж при переводе из цеха в цех,0,362
include_and,перевод на другу должность с прежним функционалом какой инструктаж,0,363
include_and,порядок проведения инструктажа по охране труда при переводе на другую работу,0,364
include_and,при переводе на другое место работы какие инструктажи,0,365
include_and,при переводе на другую должность какие инструктажи надо провести,0,366
include_and,при переводе на другую должность какой нужно проводить инструктаж,0,367
include_and,при переводе с другого объекта инструктаж,0,368
include_and,проведение инструктажа при переводе,0,369
include_and,инструктаж при смене должности,0,370
include_and,"какой инструктаж проводят работникам организации, переведенным из другого структурного подразделения",0,371
include_and,инструктаж работникам переведенным с одной должности на другую,0,372
include_and,инструктажи по охране труда переход в другое структурное подразделение,0,373
include_and,какой инструктаж при переходе из одного подразделения в другое,0,374
include_and,какой инструктаж провести работнику переведенному временно из другого подразделения,0,375
include_and,какой инструктаж проводить если поменялась должность,0,376
include_and,какой провести инструктаж при перемещении,0,377
include_and,какой проводить инструктаж если человека перевели на другую должность,0,378
include_and,инструктаж по договору гпх,0,379
include_and,гпх инструктажи,0,380
include_and,договор гпх и инструктаж по охране труда,0,381
include_and,договор подряда инструктаж,0,382
include_and,инструктаж договор гпд,0,383
include_and,инструктаж по гпд,0,384
include_and,инструктаж по договору подряда,0,385
include_and,инструктаж работника по гражданско правовому договору,0,386
include_and,инструктаж с работниками по гпх,0,387
include_and,инструктаж с работниками по договору подряда,0,388
include_and,инструктаж с работником по договору подряда,0,389
include_and,инструктажи при договоре подряда,0,390
include_and,инструктажи сотрудников по гпд,0,391
include_and,какой инструктаж провести работникам выполняющим работы согласно договора подряда,0,392
include_and,надо ли проводить инструктажи работникам которые работают по гражданско-правовому договору,0,393
include_and,нужно ли проводить инструктаж по гражданско-правовому характеру,0,394
include_and,нужно ли проводить инструктаж по охране труда для работающих по договору гпх,0,395
include_and,нужно ли проводить инструктаж работнику по гражданско-правовому характеру,0,396
include_and,"нужно ли проводить инструктажи на рабочих местах, с работниками работающими по гражданско-правовому договору?",0,397
include_and,проведение инструктажей работникам гпх,0,398
include_and,проводить инструктаж с работником по договору подряда,0,399
include_and,инструктажи по инструкции можно проводить,0,400
include_and,по каким инструкциям проводят инструктаж,0,401
include_and,инструкция инструктажей,0,402
include_and,инструктаж проводится по инструкциям,0,403
include_and,инструктаж на рабочем месте проводиться по программе или инструкциям,0,404
include_and,можно ли проводить инструктаж по инструкциям по охране труда,0,405
include_and,можно ли проводить инструктаж по охране труда по инструкциям,0,406
include_and,сколько может быть журналов инструктажа,0,407
include_and,сколько журналов инструктажа на рабочем месте,0,408
include_and,сколько журналов инструктажей на рабочем месте в подразделении,0,409
include_and,количество журналов инструктажа на рабочем месте нормативными документами не ограничено,0,410
include_and,сколько может быть журналов инструктажа,0,411
include_and,нужно ли проводить инструктажи по охране труда с дистанционными работниками,0,412
include_and,инструктажи с дистанционными работниками,0,413
include_and,нужно ли проводить инструктажи дистанционным работникам,0,414
include_and,инструктаж дистанционного работника,0,415
include_and,инструктаж по охране труда для дистанционных работников,0,416
include_and,инструктаж с дистанционными работниками,0,417
include_and,инструктаж с дистанционными рабочими,0,418
include_and,инструктажи дистанционникам,0,419
include_and,инструктажи для дистанционных сотрудников,0,420
include_and,"инструктажи для работников, работающих дистанционно",0,421
include_and,можно ли проводить инструктажи дистанционникам,0,422
include_and,необходимо ли проводить инструктажи по охране труда и проверять условия труда на рабочих местах дистанционных работников? «необходимо ли проводить инструктажи по охране труда и проверять условия,0,423
include_and,нужно ли проводить инструктаж для работника надомника,0,424
include_and,нужно ли проводить инструктаж с дистанционными работниками,0,425
include_and,нужно ли проводить инструктажи по охране труда с работниками дистанционниками,0,426
include_and,проведение инструктажей с дистанционными рабочими,0,427
include_and,инструктаж в гололед,0,428
include_and,инструктаж гололед,0,429
include_and,инструктаж о передвижении в гололед,0,430
include_and,какой вид инструктажа при пересмотре инструкций,0,431
include_and,какой инструктаж провести при пересмотре инструкций по охране труда,0,432
include_and,какой провести инструктаж при введении в действие новых инструкций,0,433
include_and,пересмотр инструкций нужен ли инструктаж,0,434
include_and,продлили инструкцию по охране труда надо инструктаж внеплановый,0,435
include_and,инструктаж для субботника,0,436
include_and,инструктаж на проведение субботника,0,437
include_and,инструктаж на субботник,0,438
include_and,инструктаж на субботнике,0,439
include_and,инструктаж при проведении субботника,0,440
include_and,инструктаж субботник,0,441
include_and,нужен ли инструктаж на субботник,0,442
include_and,проводится ли инструктаж перед проведением субботника,0,443
include_and,инструктаж на спортивные соревнования,0,444
include_and,инструктаж на спортивных соревнованиях,0,445
include_and,инструктаж перед олимпиадой,0,446
include_and,инструктаж для сторонних организаций,0,447
include_and,инструктаж работников сторонних организаций,0,448
include_and,инструктаж работников сторонних организаций,0,449
include_and,инструктаж сторонних организаций,0,450
include_and,инструктаж работникам сторонних организаций,0,451
include_and,инструктажи для сторонних организаций,0,452
include_and,инструктаж сторонним организациям,0,453
include_and,для сотрудников сторонних организаций кто проводит инструктаж,0,454
include_and,инструктаж для работников сторонней организации,0,455
include_and,инструктаж для работников сторонних организаций,0,456
include_and,инструктаж для сотрудников сторонних организаций,0,457
include_and,инструктаж для сторонних,0,458
include_and,инструктаж для сторонних сотрудников,0,459
include_and,инструктаж по охране труда для лиц сторонних организаций,0,460
include_and,инструктаж по охране труда работников сторонних организаций при разовых посещениях территории,0,461
include_and,инструктаж сторонних организаций,0,462
include_and,инструктаж с работниками сторонней организации,0,463
include_and,инструктаж сотрудникам сторонних,0,464
include_and,инструктаж сторонней организации,0,465
include_and,инструктаж сторонним,0,466
include_and,какой инструктаж необходимо провести с рабочими сторонней организации выполняющей ремонтные работы,0,467
include_and,какой инструктаж необходимо проводить сотрудникам сторонних организаций,0,468
include_and,какой инструктаж необходимо проводить сотрудникам сторонних организаций при работе на нашей территории,0,469
include_and,какой инструктаж провести работникам выполняющим работы сторонней организацией,0,470
include_and,какой инструктаж проводится с работниками сторонних организаций работающих по договору,0,471
include_and,какой инструктаж проводится сторонним организациям,0,472
include_and,какой инструктаж проводить со сторонними организациями,0,473
include_and,какой инструктаж проводят для сторонних организаций,0,474
include_and,кто проводит инструктаж с работниками сторонних организаций,0,475
include_and,проведение инструктажа сторонним организациям,0,476
include_and,инструктаж работникам сторонних организаций,0,477
include_and,с сторонними работниками по найму на чужом объекте кто должен проводить инструктажи по охране труда?,0,478
include_and,инструктаж для подрядных организаций,0,479
include_and,инструктаж подрядчикам,0,480
include_and,инструктажи для сторонних организаций,0,481
include_and,какие инструктажи проводим сторонним организациям,0,482
include_and,инструктаж для подрядной организации,0,483
include_and,инструктаж для подрядчиков,0,484
include_and,для сотрудников сторонних организаций кто проводит инструктаж,0,485
include_and,инструктаж подрядным организациям,0,486
include_and,инструктаж подрядчик,0,487
include_and,инструктаж для работников сторонней организации,0,488
include_and,инструктаж для работников сторонних организаций,0,489
include_and,инструктаж для сотрудников сторонних организаций,0,490
include_and,инструктаж для сторонних,0,491
include_and,инструктаж для сторонних сотрудников,0,492
include_and,инструктаж по охране труда для лиц сторонних организаций,0,493
include_and,инструктаж работников подрядной организации,0,494
include_and,инструктаж по охране труда работников сторонних организаций при разовых посещениях территории,0,495
include_and,инструктаж с подрядной организацией,0,496
include_and,инструктаж с подрядчиками,0,497
include_and,инструктаж работников сторонней организации,0,498
include_and,какие инструктажи проводить с подрядными организациями,0,499
include_and,инструктаж с работниками сторонней организации,0,500
include_and,кто проводит инструктаж на рабочем месте работников подрядной организации,0,501
include_and,инструктаж сотрудникам сторонних,0,502
include_and,инструктаж сторонней организации,0,503
include_and,инструктаж сторонним,0,504
include_and,инструктаж для работников подрядных организаций,0,505
include_and,инструктаж по охране труда для подрядчиков,0,506
include_and,инструктаж подрядных организаций,0,507
include_and,инструктаж подрядчиков,0,508
include_and,инструктаж с работниками подрядчика,0,509
include_and,инструктаж с субподрядчиком,0,510
include_and,какой инструктаж необходимо провести с рабочими сторонней организации выполняющей ремонтные работы,0,511
include_and,какой инструктаж необходимо проводить сотрудникам сторонних организаций,0,512
include_and,какой инструктаж необходимо проводить сотрудникам сторонних организаций при работе на нашей территории,0,513
include_and,инструктаж субподрядчиков,0,514
include_and,какой инструктаж провести работникам выполняющим работы сторонней организацией,0,515
include_and,инструктажи для подрядчиков,0,516
include_and,какой инструктаж проводится с работниками сторонних организаций работающих по договору,0,517
include_and,какой инструктаж проводится сторонним организациям,0,518
include_and,какой инструктаж проводить со сторонними организациями,0,519
include_and,какой инструктаж проводят для сторонних организаций,0,520
include_and,кто проводит инструктаж с работниками сторонних организаций,0,521
include_and,инструктажи подрядчикам,0,522
include_and,инструктажи с подрядчиками,0,523
include_and,инструктажи с фирмой - подрядчиком,0,524
include_and,какой инструктаж необходимо провести подрядной организации которые работают на нашей территории кто проводить инструктаж и какой,0,525
include_and,какой инструктаж нужно провести с подрядными организациями,0,526
include_and,какой инструктаж проводится с подрядными организациями,0,527
include_and,нужно ли проводить инструктаж подрядчикам,0,528
include_and,нужно ли проводить инструктаж подрядчику если мы его допускаем работать на нашей технике,0,529
include_and,проведение инструктажа сторонним организациям,0,530
include_and,проведение инструктажей сторонними организациями,0,531
include_and,о проведении инструктажей работникам подрядной организации,0,532
include_and,с сторонними работниками по найму на чужом объекте кто должен проводить инструктажи по охране труда?,0,533
include_and,подрядные организации инструктаж,0,534
include_and,подрядным организациям которые работают на нашей территории кто проводить инструктаж и какой,0,535
include_and,подрядчик инструктаж по охране труда,0,536
include_and,проведение инструктажа подрядной организации,0,537
include_and,проведение инструктажа работникам подрядной организации,0,538
include_and,с подрядчиками нужен ли инструктаж,0,539
include_and,кто проводит инструктаж на рабочем месте,0,540
include_and,кто проводит инструктаж,0,541
include_and,кто проводит инструктаж по охране труда,0,542
include_and,кто имеет право проводить инструктаж по охране труда на рабочем месте,0,543
include_and,кто может проводить инструктаж,0,544
include_and,кто может проводить инструктажи,0,545
include_and,кто проводит инструктажи,0,546
include_and,кто проводит инструктажи на рабочем месте,0,547
include_and,кто проводит инструктажи по охране труда,0,548
include_and,ответственные за проведение инструктажей по охране труда,0,549
include_and,кого приказом назначить ответственным за проведение инструктажа на рабочем месте по охране труда,0,550
include_and,кто в организации должен проводить инструктажи по охране труда,0,551
include_and,кто должен проводить инструктаж,0,552
include_and,кто должен проводить инструктаж на рабочем месте,0,553
include_and,кто должен проводить инструктажи,0,554
include_and,кто должен проводить инструктажи по от,0,555
include_and,кто имеет право проводить инструктаж на рабочем месте,0,556
include_and,кто имеет право проводить инструктажи,0,557
include_and,кто имеет право проводить инструктажи по охране труда,0,558
include_and,кто может проводить инструктаж по технике безопасности,0,559
include_and,кто может проводить инструктаж работников,0,560
include_and,кто может проводить инструктаж работников по охране труда,0,561
include_and,кто может проводить инструктаж с работниками,0,562
include_and,кто может проводить инструктажи для работников,0,563
include_and,кто может проводить инструктажи на рабочем месте,0,564
include_and,кто может проводить инструктажи по охране труда,0,565
include_and,кто проводит инструктаж работникам,0,566
include_and,кто проводит инструктаж работников?,0,567
include_and,кто проводит инструктажи по охране труда на предприятии,0,568
include_and,кто проводить инструктаж на рабочем месте,0,569
include_and,лицо ответственное за проведение инструктажа,0,570
include_and,назначение ответственных за проведение инструктажа,0,571
include_and,"о назначении лиц, ответственных за проведение инструктажа",0,572
include_and,о назначении ответственном за проведение инструктажей по охране труда,0,573
include_and,о назначении ответственных за инструктажи,0,574
include_and,о назначении ответственных за проведение инструктажа на рабочем месте,0,575
include_and,о назначении ответственных лиц за проведение инструктажа на рабочем месте,0,576
include_and,ответственные за инструктажи,0,577
include_and,ответственные за проведение инструктажа на рабочем месте,0,578
include_and,ответственный за инструктаж на рабочем месте,0,579
include_and,кто проводит инструктаж на рабочем месте?,0,580
include_and,"кто проводит инструктаж первичный, повторный, целевой",0,581
