,ngrams,token
0,страховой взнос,страховойвзнос
1,основной средство,основнойсредство
2,учетный политика,учетныйполитика
3,платежный поручение,платежныйпоручение
4,спец оценкарабочий,спецоценкарабочий
5,обособленный подразделение,обособленныйподразделение
6,налог прибыль,налогприбыль
7,материальный помощь,материальныйпомощь
8,штатный расписание,штатныйрасписание
9,уход ребенок,уходребенок
10,средний заработок,среднийзаработок
11,трудовой книжка,трудовойкнижка
12,авансовый платеж,авансовыйплатеж
13,налог имущество,налогимущество
14,амортизационный группа,амортизационныйгруппа
15,бухгалтерский учет,бухгалтерскийучет
16,срок сдача,сроксдача
17,беременность род,беременностьрод
18,уставной капитал,уставнойкапитал
19,среднесписочный численность,среднесписочныйчисленность
20,путевой лист,путевойлист
21,письмо минфин,письмоминфин
22,земельный участок,земельныйучасток
23,главный бухгалтер,главныйбухгалтер
24,неотделимый улучшение,неотделимыйулучшение
25,предельный величина,предельныйвеличина
26,курсовой разница,курсовойразница
27,уставный капитал,уставныйкапитал
28,постановление правительство,постановлениеправительство
29,пилотный проект,пилотныйпроект
30,пояснительный записка,пояснительныйзаписка
31,окружающий среда,окружающийсреда
32,фискальный накопитель,фискальныйнакопитель
33,денежный средство,денежныйсредство
34,несчастный случай,несчастныйслучай
35,кассовый чек,кассовыйчек
36,статья рф,статьярф
37,трудовой договор,трудовойдоговор
38,должностной инструкция,должностнойинструкция
39,негативный воздействие,негативныйвоздействие
40,срок уплата,срокуплата
41,крайний север,крайнийсевер
42,налоговый учет,налоговыйучет
43,районный коэффициент,районныйкоэффициент
44,дополнительный соглашение,дополнительныйсоглашение
45,транспортный налог,транспортныйналог
46,камеральный проверка,камеральныйпроверка
47,авансовый отчет,авансовыйотчет
48,исковой давность,исковойдавность
49,исполнительный лист,исполнительныйлист
50,разъездной характер,разъезднойхарактер
51,программный обеспечение,программныйобеспечение
52,контрольный соотношение,контрольныйсоотношение
53,кассовый аппарат,кассовыйаппарат
54,пониженный тариф,пониженныйтариф
55,документальный оформление,документальныйоформление
56,персональный данные,персональныйданные
57,материальный выгода,материальныйвыгода
58,имущественный вычет,имущественныйвычет
59,отпуск уход,отпускуход
60,арендный плата,арендныйплата
61,пособие уход,пособиеуход
62,книга покупка,книгапокупка
63,бухгалтерский проводка,бухгалтерскийпроводка
64,внешний совместитель,внешнийсовместитель
65,расчетный счет,расчетныйсчет
66,ценный бумага,ценныйбумага
67,розничный торговля,розничныйторговля
68,давальческий сырье,давальческийсырье
69,корректировочный счетфактура,корректировочныйсчетфактура
70,рождение ребенок,рождениеребенок
71,член семья,членсемья
72,вахтовый метод,вахтовыйметод
73,нематериальный актив,нематериальныйактив
74,оценочный обязательство,оценочныйобязательство
75,налоговый агент,налоговыйагент
76,ребенок год,ребенокгод
77,оказание услуга,оказаниеуслуга
78,прощение долг,прощениедолг
79,безвозмездный передача,безвозмездныйпередача
80,декларация налог,декларацияналог
81,рабочий время,рабочийвремя
82,бух учет,бухучет
83,малый предприятие,малыйпредприятие
84,условие труд,условиетруд
85,беспроцентный заем,беспроцентныйзаем
86,готовый продукция,готовыйпродукция
87,естественный убыль,естественныйубыль
88,возврат товар,возвраттовар
89,ответ требование,ответтребование
90,торговый сбор,торговыйсбор
91,российский федерация,российскийфедерация
92,усна доход,уснадоход
93,ввод эксплуатация,вводэксплуатация
94,декларация ндс,декларацияндс
95,договор аренда,договораренда
96,минус расход,минусрасход
97,товарный знак,товарныйзнак
98,предпенсионный возраст,предпенсионныйвозраст
99,предупредительный мера,предупредительныймера
100,патентный система,патентныйсистема
101,кадастровый стоимость,кадастровыйстоимость
102,прием работа,приемработа
103,вид деятельность,виддеятельность
104,нежилой помещение,нежилойпомещение
105,подотчетный лицо,подотчетныйлицо
106,пункт статья,пунктстатья
107,выездной проверка,выезднойпроверка
108,близкий родственник,близкийродственник
109,бумажный носитель,бумажныйноситель
110,единица измерение,единицаизмерение
111,сокращение штат,сокращениештат
112,сменный график,сменныйграфик
113,федеральный закон,федеральныйзакон
114,доход минус,доходминус
115,методический рекомендация,методическийрекомендация
116,первичный документ,первичныйдокумент
117,юридический адрес,юридическийадрес
118,выходной пособие,выходнойпособие
119,письмо фнс,письмофнс
120,выходной день,выходнойдень
121,судебный пристав,судебныйпристав
122,единовременный пособие,единовременныйпособие
123,северный надбавка,северныйнадбавка
124,соглашение сторона,соглашениесторона
125,временный нетрудоспособность,временныйнетрудоспособность
126,срок подача,срокподача
127,процент заем,процентзаем
128,пособие рождение,пособиерождение
129,банковский гарантия,банковскийгарантия
130,сомнительный долг,сомнительныйдолг
131,таможенный союз,таможенныйсоюз
132,центр занятость,центрзанятость
133,решение суд,решениесуд
134,целевой финансирование,целевойфинансирование
135,методический указание,методическийуказание
136,посадочный талон,посадочныйталон
137,удельный вес,удельныйвес
138,система налогообложение,системаналогообложение
139,подарочный сертификат,подарочныйсертификат
140,книга продажа,книгапродажа
141,вычет ндс,вычетндс
142,собственный желание,собственныйжелание
143,базовый доходность,базовыйдоходность
144,связь смерть,связьсмерть
145,обязательный аудит,обязательныйаудит
146,пособие беременность,пособиебеременность
147,акционерный общество,акционерныйобщество
148,выплата дивиденд,выплатадивиденд
149,условный единица,условныйединица
150,ставка ндс,ставкандс
151,рабочий день,рабочийдень
152,прошлый год,прошлыйгод
153,корпоративный карта,корпоративныйкарта
154,раздельный учет,раздельныйучет
155,пенсионный фонд,пенсионныйфонд
156,высококвалифицированный специалист,высококвалифицированныйспециалист
157,расчетный период,расчетныйпериод
158,служебный записка,служебныйзаписка
159,подпункт пункт,подпунктпункт
160,закон фз,законфз
161,вычет ребенок,вычетребенок
162,системный блок,системныйблок
163,недвижимый имущество,недвижимыйимущество
164,остаточный стоимость,остаточныйстоимость
165,стандартный вычет,стандартныйвычет
166,охрана труд,охранатруд
167,восстановление ндс,восстановлениендс
168,акт сверка,актсверка
169,иностранный организация,иностранныйорганизация
170,сельский хозяйство,сельскийхозяйство
171,краснодарский край,краснодарскийкрай
172,мать одиночка,матьодиночка
173,выписка егрюла,выпискаегрюла
174,прожиточный минимум,прожиточныйминимум
175,первоначальный стоимость,первоначальныйстоимость
176,списание дебиторка,списаниедебиторка
177,трансформаторный подстанция,трансформаторныйподстанция
178,валютный контроль,валютныйконтроль
179,земельный налог,земельныйналог
180,доверительный управление,доверительныйуправление
181,спецоценка условие,спецоценкаусловие
182,агентский договор,агентскийдоговор
183,командировочный расход,командировочныйрасход
184,неосновательный обогащение,неосновательныйобогащение
185,простой товарищество,простойтоварищество
186,пособие погребение,пособиепогребение
187,обязательный реквизит,обязательныйреквизит
188,многолетний насаждение,многолетнийнасаждение
189,неиспользованный отпуск,неиспользованныйотпуск
190,физический показатель,физическийпоказатель
191,стихийный бедствие,стихийныйбедствие
192,образец приказ,образецприказ
193,единственный учредитель,единственныйучредитель
194,налогооблагаемый база,налогооблагаемыйбаза
195,оптовый торговля,оптовыйторговля
196,форменный одежда,форменныйодежда
197,код вид,кодвид
198,московский область,московскийобласть
199,вредный условие,вредныйусловие
200,аренда машина,арендамашина
201,прошлый период,прошлыйпериод
202,чай кофе,чайкофе
203,бухучет налогообложение,бухучетналогообложение
204,страна еаэс,странаеаэс
205,возмещение расход,возмещениерасход
206,образец заявление,образецзаявление
207,чистый актив,чистыйактив
208,призыв армия,призывармия
209,внесение изменение,внесениеизменение
210,продажа доля,продажадоля
211,правовой договор,правовойдоговор
212,инвентаризационный опись,инвентаризационныйопись
213,медицинский осмотр,медицинскийосмотр
214,добавочный капитал,добавочныйкапитал
215,расчет налог,расчетналог
216,полезный использование,полезныйиспользование
217,налоговый инспекция,налоговыйинспекция
218,купля продажа,купляпродажа
219,количество день,количестводень
220,срок хранение,срокхранение
221,банковский карта,банковскийкарта
222,утилизационный сбор,утилизационныйсбор
223,социальный страхование,социальныйстрахование
224,движимый имущество,движимыйимущество
225,обеденный перерыв,обеденныйперерыв
226,повышение оклад,повышениеоклад
227,гарантийный ремонт,гарантийныйремонт
228,статья тк,статьятк
229,повышение квалификация,повышениеквалификация
230,исправление ошибка,исправлениеошибка
231,отчетный период,отчетныйпериод
232,мат помощь,матпомощь
233,выплата зарплата,выплатазарплата
234,товарный чек,товарныйчек
235,общий система,общийсистема
236,экологический сбор,экологическийсбор
237,материальный ценность,материальныйценность
238,резерв отпуск,резервотпуск
239,налоговый вычет,налоговыйвычет
240,договор заем,договорзаем
241,директ костинг,директкостинг
242,праздник подарок,праздникподарок
243,финансовый вложение,финансовыйвложение
244,представительский расход,представительскийрасход
245,финансовый результат,финансовыйрезультат
246,отчет движение,отчетдвижение
247,входной ндс,входнойндс
248,предпринимательский деятельность,предпринимательскийдеятельность
249,налоговый база,налоговыйбаза
250,пожарный сигнализация,пожарныйсигнализация
251,удержание зарплата,удержаниезарплата
252,общероссийский классификатор,общероссийскийклассификатор
253,вид жительство,виджительство
254,сервисный сбор,сервисныйсбор
255,жилой дом,жилойдом
256,служебный цель,служебныйцель
257,срок предоставление,срокпредоставление
258,отдел кадры,отделкадры
259,максимальный размер,максимальныйразмер
260,ликвидационный баланс,ликвидационныйбаланс
261,согласие обработка,согласиеобработка
262,кассир операционист,кассироперационист
263,среднедневной заработок,среднедневнойзаработок
264,бух проводка,бухпроводка
265,компенсация увольнение,компенсацияувольнение
266,дополнительный тариф,дополнительныйтариф
267,упрощенный система,упрощенныйсистема
268,пожарный безопасность,пожарныйбезопасность
269,правовой характер,правовойхарактер
270,счетфактура аванс,счетфактурааванс
271,пошаговый инструкция,пошаговыйинструкция
272,чистый прибыль,чистыйприбыль
273,бывший употребление,бывшийупотребление
274,назначение платеж,назначениеплатеж
275,капитальный вложение,капитальныйвложение
276,строка декларация,строкадекларация
277,раздел декларация,разделдекларация
278,программа эвм,программаэвм
279,возражение акт,возражениеакт
280,полезный ископаемое,полезныйископаемое
281,личный карточка,личныйкарточка
282,черный металл,черныйметалл
283,проезд место,проездместо
284,деловой репутация,деловойрепутация
285,постановка учет,постановкаучет
286,перевозка груз,перевозкагруз
287,очередной отпуск,очереднойотпуск
288,крупный налогоплательщик,крупныйналогоплательщик
289,больничный уход,больничныйуход
290,гражданин украина,гражданинукраина
291,личный машина,личныймашина
292,безвозмездный пользование,безвозмездныйпользование
293,этиловый спирт,этиловыйспирт
294,ребенок инвалид,ребенокинвалид
295,разовый премия,разовыйпремия
296,компенсация задержка,компенсациязадержка
297,спец оценка,спецоценка
298,санкция нарушение,санкциянарушение
299,кассовый дисциплина,кассовыйдисциплина
300,подотчетный сумма,подотчетныйсумма
301,образец расчет,образецрасчет
302,обеспечительный платеж,обеспечительныйплатеж
303,иван шкловец,иваншкловец
304,новый правило,новыйправило
305,реорганизация форма,реорганизацияформа
306,уголок потребитель,уголокпотребитель
307,налоговый кодекс,налоговыйкодекс
308,пуаре медовуха,пуаремедовуха
309,ч статья,чстатья
310,ндс аванс,ндсаванс
311,строка приложение,строкаприложение
312,питьевой вода,питьевойвода
313,ежегодный отпуск,ежегодныйотпуск
314,декретный отпуск,декретныйотпуск
315,сотрудник отпуск,сотрудникотпуск
316,списание кредиторка,списаниекредиторка
317,казначейский сопровождение,казначейскийсопровождение
318,минимальный размер,минимальныйразмер
319,отпуск сохранение,отпусксохранение
320,переходный период,переходныйпериод
321,создание резерв,созданиерезерв
322,нина ковязина,нинаковязина
323,налоговый декларация,налоговыйдекларация
324,цветной металл,цветнойметалл
325,внутренний совместитель,внутреннийсовместитель
326,аренда помещение,арендапомещение
327,фальшивый купюра,фальшивыйкупюра
328,система главбух,системаглавбух
329,испытательный срок,испытательныйсрок
330,выход пенсия,выходпенсия
331,место работа,месторабота
332,компьютерный программа,компьютерныйпрограмма
333,линия электропередача,линияэлектропередача
334,статья гк,статьягк
335,салон красота,салонкрасота
336,программный продукт,программныйпродукт
337,долевой строительство,долевойстроительство
338,полевой довольствие,полевойдовольствие
339,процент кредит,проценткредит
340,вводный инструктаж,вводныйинструктаж
341,атмосферный воздух,атмосферныйвоздух
342,спец одежда,спецодежда
343,найм жилье,наймжилье
344,покупка квартира,покупкаквартира
345,рабочий место,рабочийместо
346,амортизационный премия,амортизационныйпремия
347,договор цессия,договорцессия
348,компенсационный выплата,компенсационныйвыплата
349,разменный монета,разменныймонета
350,забалансовый счет,забалансовыйсчет
351,расход усна,расходусна
352,служба армия,службаармия
353,пошлина регистрация,пошлинарегистрация
354,срок действие,срокдействие
355,ближний зарубежье,ближнийзарубежье
356,моральный вред,моральныйвред
357,международный перевозка,международныйперевозка
358,ответственный хранение,ответственныйхранение
359,министерство финансы,министерствофинансы
360,корреспонденция счет,корреспонденциясчет
361,паспорт сделка,паспортсделка
362,код операция,кодоперация
363,проживание гостиница,проживаниегостиница
364,финансовый помощь,финансовыйпомощь
365,долевой участие,долевойучастие
366,жилой помещение,жилойпомещение
367,акт прием,актприем
368,страна участница,странаучастница
369,прекращение деятельность,прекращениедеятельность
370,срок давность,срокдавность
371,апелляционный жалоба,апелляционныйжалоба
372,благотворительный помощь,благотворительныйпомощь
373,зачет переплата,зачетпереплата
374,шведский стол,шведскийстол
375,культурный наследие,культурныйнаследие
376,личный транспорт,личныйтранспорт
377,мед осмотр,медосмотр
378,некоммерческий организация,некоммерческийорганизация
379,предмет лизинг,предметлизинг
380,налоговый проверка,налоговыйпроверка
381,приложение лист,приложениелист
382,продажа машина,продажамашина
383,пластический хирургия,пластическийхирургия
384,частотный преобразователь,частотныйпреобразователь
385,цк кпсс,цккпсс
386,бычков станислав,бычковстанислав
387,комсомольск амуре,комсомольскамуре
388,вывоз мусор,вывозмусор
389,собственный нужда,собственныйнужда
390,компенсация использование,компенсацияиспользование
391,курортный лечение,курортныйлечение
392,санкция просрочка,санкцияпросрочка
393,добровольный страхование,добровольныйстрахование
394,ранний срок,раннийсрок
395,истекший срок,истекшийсрок
396,годовой премия,годовойпремия
397,больничный беременность,больничныйбеременность
398,книга доход,книгадоход
399,взаимозависимый лицо,взаимозависимыйлицо
400,незавершенный производство,незавершенныйпроизводство
401,тк рф,ткрф
402,возмещение ущерб,возмещениеущерб
403,бенефициарный владелец,бенефициарныйвладелец
404,выкупной стоимость,выкупнойстоимость
405,выход участник,выходучастник
406,размещение отходы,размещениеотходы
407,республика беларусь,республикабеларусь
408,регистрационный номер,регистрационныйномер
409,коммунальный услуга,коммунальныйуслуга
410,увольнение сотрудник,увольнениесотрудник
411,теннисный корт,теннисныйкорт
412,тыс руб,тысруб
413,детский сад,детскийсад
414,регрессивный шкала,регрессивныйшкала
415,кухонный гарнитур,кухонныйгарнитур
416,допрос свидетель,допроссвидетель
417,совет руководитель,советруководитель
418,электронный документооборот,электронныйдокументооборот
419,незавершенный строительство,незавершенныйстроительство
420,приходный ордер,приходныйордер
421,аккумуляторный батарея,аккумуляторныйбатарея
422,дефектный ведомость,дефектныйведомость
423,торговый точка,торговыйточка
424,учебный отпуск,учебныйотпуск
425,безошибочный расчетчик,безошибочныйрасчетчик
426,зар плата,зарплата
427,общественный питание,общественныйпитание
428,легковой машина,легковоймашина
429,топливный карта,топливныйкарта
430,переселение соотечественник,переселениесоотечественник
431,микроволновый печь,микроволновыйпечь
432,тепловой энергия,тепловойэнергия
433,заявление возврат,заявлениевозврат
434,компенсация отпуск,компенсацияотпуск
435,светодиодный экран,светодиодныйэкран
436,интернет магазин,интернетмагазин
437,неслитой электролит,неслитойэлектролит
438,вынужденный прогул,вынужденныйпрогул
439,агентский вознаграждение,агентскийвознаграждение
440,занятие спорт,занятиеспорт
441,бесплатный питание,бесплатныйпитание
442,кс кс,кскс
443,многоквартирный дом,многоквартирныйдом
444,дебиторский кредиторка,дебиторскийкредиторка
445,договор купля,договоркупля
446,расчетный лист,расчетныйлист
447,фермерский хозяйство,фермерскийхозяйство
448,шоу рум,шоурум
449,постельный белье,постельныйбелье
450,проектный документация,проектныйдокументация
451,трансфертный ценообразование,трансфертныйценообразование
452,сузуки свифт,сузукисвифт
453,паспортный данные,паспортныйданные
454,природный ресурс,природныйресурс
455,бюро мсэ,бюромсэ
456,комиссия банк,комиссиябанк
457,туристический путевка,туристическийпутевка
458,зая вление,заявление
459,добровольчество волонтерство,добровольчествоволонтерство
460,йошкар ола,йошкарола
461,минавтотранс рсфср,минавтотрансрсфср
462,телекоммуникационный канал,телекоммуникационныйканал
463,декларация прибыль,декларацияприбыль
464,уважительный причина,уважительныйпричина
465,тест драйв,тестдрайв
466,спонсорский помощь,спонсорскийпомощь
467,владимир путин,владимирпутин
468,пакет документ,пакетдокумент
469,списание материал,списаниематериал
470,лизинговый платеж,лизинговыйплатеж
471,личный дело,личныйдело
472,сверхурочный часы,сверхурочныйчасы
473,сотовый связь,сотовыйсвязь
474,радиация катастрофа,радиациякатастрофа
475,александр сорокин,александрсорокин
476,строгий отчетность,строгийотчетность
477,объект недвижимость,объектнедвижимость
478,собственный сила,собственныйсила
479,лизинговый имущество,лизинговыйимущество
480,член совет,членсовет
481,налоговый орган,налоговыйорган
482,контролируемый сделка,контролируемыйсделка
483,елочный украшение,елочныйукрашение
484,индексация зарплата,индексациязарплата
485,льготный проезд,льготныйпроезд
486,возвратный тара,возвратныйтара
487,социальный вычет,социальныйвычет
488,отпуск увольнение,отпускувольнение
489,расходный ордер,расходныйордер
490,график сменность,графиксменность
491,юр адрес,юрадрес
492,медицинский страхование,медицинскийстрахование
493,протокол собрание,протоколсобрание
494,психиатрический освидетельствование,психиатрическийосвидетельствование
495,договор оказание,договороказание
496,характер работа,характерработа
497,смена адрес,сменаадрес
498,ставка налог,ставканалог
499,экономический зона,экономическийзона
500,предел касса,пределкасса
501,баланс лизингополучатель,баланслизингополучатель
502,учет расход,учетрасход
503,срок выплата,сроквыплата
504,унитарный предприятие,унитарныйпредприятие
505,синдром белок,синдромбелок
506,арбитражный суд,арбитражныйсуд
507,страна происхождение,странапроисхождение
508,крупный сделка,крупныйсделка
509,день отпуск,деньотпуск
510,сдельный труд,сдельныйтруд
511,продажа квартира,продажаквартира
512,комнатный растение,комнатныйрастение
513,технологический потеря,технологическийпотеря
514,подводный камень,подводныйкамень
515,натуральный форма,натуральныйформа
516,запасной часть,запаснойчасть
517,смена фамилия,сменафамилия
518,участник общество,участникобщество
519,доверенность получение,доверенностьполучение
520,временный убежище,временныйубежище
521,течение срок,течениесрок
522,судебный практика,судебныйпрактика
523,путевка санаторий,путевкасанаторий
524,статус плательщик,статусплательщик
525,южный осетия,южныйосетия
526,телефонный разговор,телефонныйразговор
527,договор поставка,договорпоставка
528,положение премирование,положениепремирование
529,почетный грамота,почетныйграмота
530,кассовый ордер,кассовыйордер
531,российский организация,российскийорганизация
532,бухгалтерский баланс,бухгалтерскийбаланс
533,коммерческий тайна,коммерческийтайна
534,возложение обязанность,возложениеобязанность
535,ликвидация ооо,ликвидацияооо
536,дисциплинарный взыскание,дисциплинарныйвзыскание
537,отделимый улучшение,отделимыйулучшение
538,табачный изделие,табачныйизделие
539,сохранение зарплата,сохранениезарплата
540,подрядный способ,подрядныйспособ
541,полуавтоматический стрепплинг,полуавтоматическийстрепплинг
542,разьездный характеир,разьездныйхарактеир
543,плптит предпринимательндфл,плптитпредпринимательндфл
544,райдер артист,райдерартист
545,свинец цинк,свинеццинк
546,пистолет вязка,пистолетвязка
547,сртрудник работащий,сртрудникработащий
548,саботажник лентяй,саботажниклентяй
549,измайловский шоссе,измайловскийшоссе
550,предпусковой подогреватель,предпусковойподогреватель
551,штатив прожектор,штативпрожектор
552,арсен магомаев,арсенмагомаев
553,агентусна выплатет,агентуснавыплатет
554,антивибр рукоятка,антивибррукоятка
555,анохин виктор,анохинвиктор
556,эдуард савуляк,эдуардсавуляк
557,бклори усик,бклориусик
558,порошковый окраска,порошковыйокраска
559,сбивание сосулька,сбиваниесосулька
560,порш каен,поршкаен
561,пежо боксер,пежобоксер
562,плот кошель,плоткошель
563,продажда замля,продаждазамля
564,бактерицидный облучатель,бактерицидныйоблучатель
565,быстросъемный мкду,быстросъемныймкду
566,нарьян мар,нарьянмар
567,одностоечный усил,одностоечныйусил
568,женный союзаотражение,женныйсоюзаотражение
569,метание кольцо,метаниекольцо
570,ложка чайная,ложкачайная
571,территор бюдж,территорбюдж
572,многоквартийный долма,многоквартийныйдолма
573,ню уют,нюуют
574,молодежный ассамблея,молодежныйассамблея
575,телекс релиз,телексрелиз
576,фотоателье кинолаборатория,фотоательекинолаборатория
577,твет ифйнс,тветифйнс
578,ниссан навар,ниссаннавар
579,гомтиница командровка,гомтиницакомандровка
580,креветка семга,креветкасемга
581,хендай солярис,хендайсолярис
582,выпплата вознаграждениия,выпплатавознаграждениия
583,суб агентс,субагентс
584,дмитрий сатин,дмитрийсатин
585,субару форестер,субаруфорестер
586,неотдел ведомсость,неотделведомсость
587,нежелый помежение,нежелыйпомежение
588,хенд портер,хендпортер
589,компостный куча,компостныйкуча
590,газопоршневой электроагрегат,газопоршневойэлектроагрегат
591,гематологический анализатор,гематологическийанализатор
592,хлыст шпала,хлыстшпала
593,гайка шайба,гайкашайба
594,ввид преобрзование,ввидпреобрзование
595,кгыеуср гематология,кгыеусргематология
596,хонда фита,хондафита
597,межбюджетный трансферт,межбюджетныйтрансферт
598,омка област,омкаобласт
599,легкое запоминание,легкоезапоминание
600,декаларции наога,декаларциинаога
601,ответстветствнность инкасатор,ответстветствнностьинкасатор
602,кантракт паспарта,кантрактпаспарта
603,турагенство турбюро,турагенствотурбюро
604,ординатор интерн,ординаторинтерн
605,алина владимировна,алинавладимировна
606,делавай обрез,делавайобрез
607,злокачественный новообразование,злокачественныйновообразование
608,тортудница дектретеэ,тортудницадектретеэ
609,оплптиль пособ,оплптильпособ
610,опель комбо,опелькомбо
611,переплата налог,переплатаналог
612,уплата налог,уплатаналог
613,место нахождение,местонахождение
614,ускоренный амортизация,ускоренныйамортизация
615,территория рф,территориярф
616,акт списание,актсписание
617,течение время,течениевремя
618,русский язык,русскийязык
619,половина месяц,половинамесяц
620,гелевый ручка,гелевыйручка
621,наемный сотрудник,наемныйсотрудник
622,алкогольный опьянение,алкогольныйопьянение
623,кассовый книга,кассовыйкнига
624,продукт питание,продуктпитание
625,английский язык,английскийязык
626,перечень документ,переченьдокумент
627,временной нетрудоспособность,временнойнетрудоспособность
628,экономический обоснование,экономическийобоснование
629,критерий отнесение,критерийотнесение
630,срок перечисление,срокперечисление
631,платеж налог,платежналог
632,заем учредитель,заемучредитель
633,инвентарный карточка,инвентарныйкарточка
634,иностранный валюта,иностранныйвалюта
635,возврат деньги,возвратденьги
636,ставка рефинансирование,ставкарефинансирование
637,доход расход,доходрасход
638,люминесцентный лампа,люминесцентныйлампа
639,нераспределенный прибыль,нераспределенныйприбыль
640,исполнение обязанность,исполнениеобязанность
641,истечение срок,истечениесрок
642,реализация товар,реализациятовар
643,договор дарение,договордарение
644,набережная челн,набережнаячелн
645,мерседес бенц,мерседесбенц
646,членский взнос,членскийвзнос
647,приложение приказ,приложениеприказ
648,командировочный удостоверение,командировочныйудостоверение
649,сахарный свекла,сахарныйсвекла
650,сдача аренда,сдачааренда
651,календарный день,календарныйдень
652,внеоборотный актив,внеоборотныйактив
653,противодействие легализация,противодействиелегализация
654,будущий период,будущийпериод
655,уровень существенность,уровеньсущественность
656,простой вина,простойвина
657,заявление ввоз,заявлениеввоз
658,смерть родственник,смертьродственник
659,адвокатский бюро,адвокатскийбюро
660,образец письмо,образецписьмо
661,электронный билет,электронныйбилет
662,указ президент,указпрезидент
663,ответственный лицо,ответственныйлицо
664,путевый лист,путевыйлист
665,система платон,системаплатон
666,нулевой ставка,нулевойставка
667,проявление осмотрительность,проявлениеосмотрительность
668,провоз багаж,провозбагаж
669,расторжение договор,расторжениедоговор
670,удержание алименты,удержаниеалименты
671,сопроводительный письмо,сопроводительныйписьмо
672,благоустройство территория,благоустройствотерритория
673,отпуск беременность,отпускбеременность
674,принятие учет,принятиеучет
675,гражданский оборона,гражданскийоборона
676,тысяча рубль,тысячарубль
677,встречный проверка,встречныйпроверка
678,вариационный маржа,вариационныймаржа
679,списание задолженность,списаниезадолженность
680,единый налог,единыйналог
681,проездной билет,проезднойбилет
682,строка раздел,строкараздел
683,трудовой кодекс,трудовойкодекс
684,лекарственный препарат,лекарственныйпрепарат
685,полис осаго,полисосаго
686,сдача отчетность,сдачаотчетность
687,свидетельствование подлинность,свидетельствованиеподлинность
688,график отпуск,графикотпуск
689,дебет кредит,дебеткредит
690,обеспечение заявка,обеспечениезаявка
691,факсимильный подпись,факсимильныйподпись
692,заверение копия,заверениекопия
693,мобильный телефон,мобильныйтелефон
694,возмещение затрата,возмещениезатрата
695,лада аргус,ладааргус
696,хоз способ,хозспособ
697,пермский край,пермскийкрай
698,материальный ответственность,материальныйответственность
699,начисление амортизация,начислениеамортизация
700,равный ноль,равныйноль
701,корректировка реализация,корректировкареализация
702,смертельный исход,смертельныйисход
703,заявление зачет,заявлениезачет
704,выполнение работа,выполнениеработа
705,мобильный связь,мобильныйсвязь
706,титульный лист,титульныйлист
707,внереализационный доход,внереализационныйдоход
708,резерв обесценение,резервобесценение
709,место отдых,местоотдых
710,последний день,последнийдень
711,отражение учет,отражениеучет
712,евразийский союз,евразийскийсоюз
713,санкция санкция,санкциясанкция
714,переуступка требование,переуступкатребование
715,драгоценный металл,драгоценныйметалл
716,ре инком,реинком
717,размер пособие,размерпособие
718,рыночный цена,рыночныйцена
719,нижний новгород,нижнийновгород
720,моторный масло,моторныймасло
721,график работа,графикработа
722,коммунальный платеж,коммунальныйплатеж
723,виновный лицо,виновныйлицо
724,елена попов,еленапопов
725,пно пна,пнопна
726,зарплата декабрь,зарплатадекабрь
727,импортный товар,импортныйтовар
728,перевозка пассажир,перевозкапассажир
729,материнский капитал,материнскийкапитал
730,предельный размер,предельныйразмер
731,пенсионный страхование,пенсионныйстрахование
732,смс рассылка,смсрассылка
733,частный лицо,частныйлицо
734,ген руководитель,генруководитель
735,искусство пофигизм,искусствопофигизм
736,резервный фонд,резервныйфонд
737,световой вывеска,световойвывеска
738,элитный семеноводство,элитныйсеменоводство
739,попытка суицид,попыткасуицид
740,одеяло матрас,одеяломатрас
741,игорь ложник,игорьложник
742,калькуляция себестоимость,калькуляциясебестоимость
743,класс опасность,классопасность
744,мировой соглашение,мировойсоглашение
745,оборонный заказ,оборонныйзаказ
746,чек коррекция,чеккоррекция
747,журнал учет,журналучет
748,рыночный стоимость,рыночныйстоимость
749,продажа товар,продажатовар
750,наличный расчет,наличныйрасчет
751,декларация усна,декларацияусна
752,коллегия адвокат,коллегияадвокат
753,транспортный услуга,транспортныйуслуга
754,заказ наряд,заказнаряд
755,доставка товар,доставкатовар
756,транспортный экспедиция,транспортныйэкспедиция
757,предельный база,предельныйбаза
758,кредитный линия,кредитныйлиния
759,код доход,коддоход
760,факторный анализ,факторныйанализ
761,компенсация проезд,компенсацияпроезд
762,неопределенный круг,неопределенныйкруг
763,статья закон,статьязакон
764,смена руководитель,сменаруководитель
765,дивиденд учредитель,дивидендучредитель
766,срок амортизация,срокамортизация
767,расход приобретение,расходприобретение
768,з плата,зплата
769,порт владивосток,портвладивосток
770,переменный часть,переменныйчасть
771,безнадежный дебиторка,безнадежныйдебиторка
772,оперативный управление,оперативныйуправление
773,торговый зал,торговыйзал
774,конец год,конецгод
775,чернобыльский аэс,чернобыльскийаэс
776,административный санкция,административныйсанкция
777,сотрудник командировка,сотрудниккомандировка
778,выдача заем,выдачазаем
779,формула расчет,формуларасчет
780,доходный вложение,доходныйвложение
781,технический обслуживание,техническийобслуживание
782,гражданин белоруссия,гражданинбелоруссия
783,уточнение платеж,уточнениеплатеж
784,приморский край,приморскийкрай
785,актион мцфэр,актионмцфэр
786,безналичный расчет,безналичныйрасчет
787,тракторист машинист,трактористмашинист
788,середина год,серединагод
789,садоводческий товарищество,садоводческийтоварищество
790,дата признание,датапризнание
791,протезирование зуб,протезированиезуб
792,требование фнс,требованиефнс
793,действительный стоимость,действительныйстоимость
794,санкция гибдд,санкциягибдд
795,сэз крым,сэзкрым
796,страхование жизнь,страхованиежизнь
797,текущий ремонт,текущийремонт
798,договор лизинг,договорлизинг
799,ндс импорт,ндсимпорт
800,башенный кран,башенныйкран
801,напиток сидр,напитоксидр
802,процентный заем,процентныйзаем
803,баланс лизингодатель,баланслизингодатель
804,устранение недостаток,устранениенедостаток
805,премия итог,премияитог
806,база начисление,базаначисление
807,продажа недвижимость,продажанедвижимость
808,пособие год,пособиегод
809,производственный травма,производственныйтравма
810,взнос травматизм,взностравматизм
811,ответственность нарушение,ответственностьнарушение
812,студенческий отряд,студенческийотряд
813,возмещение ндс,возмещениендс
814,достройка дооборудование,достройкадооборудование
815,рекламный акция,рекламныйакция
816,малый предпринимательство,малыйпредпринимательство
817,раскрытие информация,раскрытиеинформация
818,фнс россия,фнсроссия
819,норма расход,нормарасход
820,расчет пособие,расчетпособие
821,чрезвычайный ситуация,чрезвычайныйситуация
822,предрейсовый осмотр,предрейсовыйосмотр
823,ливневый канализация,ливневыйканализация
824,приглашение въезд,приглашениевъезд
825,магистральный трубопровод,магистральныйтрубопровод
826,лицевой счет,лицевойсчет
827,сергей разгулин,сергейразгулин
828,увольнение соглашение,увольнениесоглашение
829,план счет,плансчет
830,рекламный конструкция,рекламныйконструкция
831,морской судно,морскойсудно
832,гражданский кодекс,гражданскийкодекс
833,ночной часы,ночнойчасы
834,абз статья,абзстатья
835,телефонный переговоры,телефонныйпереговоры
836,акт работа,актработа
837,сторонний организация,стороннийорганизация
838,взаимный требование,взаимныйтребование
839,аудиторский проверка,аудиторскийпроверка
840,экспортный операция,экспортныйоперация
841,пионер инстр,пионеринстр
842,опера ций,операций
843,хребет лосось,хребетлосось
844,развал схождение,развалсхождение
845,дальномер теодолит,дальномертеодолит
846,виктория соловьев,викториясоловьев
847,двд проигрыватель,двдпроигрыватель
848,приправа специя,приправаспеция
849,бенз пирен,бензпирен
850,лариса морозов,ларисаморозов
851,спрак мест,спракмест
852,йогурт кефир,йогурткефир
853,капиталец рация,капиталецрация
854,уваркин добровольский,уваркиндобровольский
855,рулет ролл,рулетролл
856,гусев наталия,гусевнаталия
857,минэнерго транснефть,минэнерготранснефть
858,роман масаладжиу,романмасаладжиу
859,галина микушин,галинамикушин
860,екатерина постникова,екатеринапостникова
861,егоров вадим,егороввадим
862,клещевой энцефалит,клещевойэнцефалит
863,река волга,рекаволга
864,изопропиловый изопропанол,изопропиловыйизопропанол
865,невестка свекор,невесткасвекор
866,веник метла,веникметла
867,грязезащитный решетка,грязезащитныйрешетка
868,тонный километр,тонныйкилометр
869,ветсправка сосиска,ветсправкасосиска
870,кварт ир,квартир
871,перепад поиалог,перепадпоиалог
872,муница обр,муницаобр
873,мужицкий татьяна,мужицкийтатьяна
874,слойка начинка,слойканачинка
875,японский философия,японскийфилософия
876,фактра раюботы,фактрараюботы
877,электропарогенератор пар,электропарогенераторпар
878,сергеевна петренко,сергеевнапетренко
879,тир больнин,тирбольнин
880,тойота камри,тойотакамри
881,цми лот,цмилот
882,сельхозтовароприозводитель нуленвой,сельхозтовароприозводительнуленвой
883,слабый инет,слабыйинет
884,соевый шрот,соевыйшрот
885,хрусталик глаз,хрусталикглаз
886,сгорание воспламенение,сгораниевоспламенение
887,судостроительный стапель,судостроительныйстапель
888,сорбитовый сироп,сорбитовыйсироп
889,анкерный болт,анкерныйболт
890,высокооктановый присадка,высокооктановыйприсадка
891,санузел гостиная,санузелгостиная
892,сборщик ексда,сборщикексда
893,шацкий роман,шацкийроман
894,маршрутный квитанция,маршрутныйквитанция
895,возврат заем,возвратзаем
896,течение год,течениегод
897,возврат переплата,возвратпереплата
898,цель налогообложение,цельналогообложение
899,жалоба уфнс,жалобауфнс
900,предел остаток,пределостаток
901,оприходование излишек,оприходованиеизлишек
902,азартный игра,азартныйигра
903,маркетинговый исследование,маркетинговыйисследование
904,время отпуск,времяотпуск
905,момент признание,моментпризнание
906,лошадиный сила,лошадиныйсила
907,ввоз товар,ввозтовар
908,квартальный премия,квартальныйпремия
909,калькулятор расчет,калькуляторрасчет
910,кассовый операция,кассовыйоперация
911,машина экипаж,машинаэкипаж
912,алкогольный продукция,алкогольныйпродукция
913,декларация енвд,декларацияенвд
914,свидетельский показание,свидетельскийпоказание
915,совмещение должность,совмещениедолжность
916,тонкий капитализация,тонкийкапитализация
917,однодневный командировка,однодневныйкомандировка
918,потребительский кооператив,потребительскийкооператив
919,асфальтовый покрытие,асфальтовыйпокрытие
920,компенсация расход,компенсациярасход
921,временный разница,временныйразница
922,конечный бенефициар,конечныйбенефициар
923,местный самоуправление,местныйсамоуправление
924,доплата совмещение,доплатасовмещение
925,импорт товар,импорттовар
926,дополнительный отпуск,дополнительныйотпуск
927,срок представление,срокпредставление
928,хозяйственный жизнь,хозяйственныйжизнь
929,выигрыш лотерея,выигрышлотерея
930,задний число,заднийчисло
931,копия документ,копиядокумент
932,выплата пособие,выплатапособие
933,пособие безработица,пособиебезработица
934,косвенный расход,косвенныйрасход
935,служебный поездка,служебныйпоездка
936,переуступка долг,переуступкадолг
937,общий собрание,общийсобрание
938,усно доход,уснодоход
939,погашение задолженность,погашениезадолженность
940,инкубационный яйцо,инкубационныйяйцо
941,уральский коэффициент,уральскийкоэффициент
942,реализация металлолом,реализацияметаллолом
943,тарифный ставка,тарифныйставка
944,общий режим,общийрежим
945,структурный подразделение,структурныйподразделение
946,исправительный счетфактура,исправительныйсчетфактура
947,футболист профессионал,футболистпрофессионал
948,ходатайство продление,ходатайствопродление
949,изменение устав,изменениеустав
950,заграничный командировка,заграничныйкомандировка
951,начисление процент,начислениепроцент
952,консультационный услуга,консультационныйуслуга
953,мат выгода,матвыгода
954,кассовый метод,кассовыйметод
955,доход усна,доходусна
956,форс мажор,форсмажор
957,подоходный налог,подоходныйналог
958,дальний восток,дальнийвосток
959,боевой действие,боевойдействие
960,выставление счетфактура,выставлениесчетфактура
961,абзац пункт,абзацпункт
962,информационный письмо,информационныйписьмо
963,фирменный стиль,фирменныйстиль
964,приказ фнс,приказфнс
965,перевод сотрудник,переводсотрудник
966,показание спидометр,показаниеспидометр
967,метод начисление,методначисление
968,гк рф,гкрф
969,ростов дону,ростовдону
970,письмо минтруд,письмоминтруд
971,деньги подотчет,деньгиподотчет
972,зарплата сотрудник,зарплатасотрудник
973,сотовый телефон,сотовыйтелефон
974,гибкий график,гибкийграфик
975,налог усна,налогусна
976,освобождение ндс,освобождениендс
977,срок годность,срокгодность
978,ндс реализация,ндсреализация
979,бывший эксплуатация,бывшийэксплуатация
980,статус налогоплательщик,статусналогоплательщик
981,возврат покупатель,возвратпокупатель
982,реализация лом,реализациялом
983,излишек инвентаризация,излишекинвентаризация
984,пользование недра,пользованиенедра
985,транспортный расход,транспортныйрасход
986,иностранец патент,иностранецпатент
987,улан удэ,уланудэ
988,левый угол,левыйугол
989,гражданин узбекистан,гражданинузбекистан
990,список документ,списокдокумент
991,ндс экспорт,ндсэкспорт
992,егаис лес,егаислес
993,лес егаис,лесегаис
994,плата загрязнение,платазагрязнение
995,списочный численность,списочныйчисленность
996,покрытие убыток,покрытиеубыток
997,нарушение срок,нарушениесрок
998,интеллектуальный собственность,интеллектуальныйсобственность
999,скользящий график,скользящийграфик
1000,чувашский республика,чувашскийреспублика
1001,постановление президиум,постановлениепрезидиум
1002,туалетный бумага,туалетныйбумага
1003,административный правонарушение,административныйправонарушение
1004,перезарядка огнетушитель,перезарядкаогнетушитель
1005,приказ назначение,приказназначение
1006,простой вексель,простойвексель
1007,перенос убыток,переносубыток
1008,досрочный выкуп,досрочныйвыкуп
1009,плавучий причал,плавучийпричал
1010,несвоевременный сдача,несвоевременныйсдача
1011,офисный мебель,офисныймебель
1012,валютный операция,валютныйоперация
1013,чековый книжка,чековыйкнижка
1014,экономия процент,экономияпроцент
1015,учебный заведение,учебныйзаведение
1016,саха якутия,сахаякутия
1017,ростов дон,ростовдон
1018,ставропольский край,ставропольскийкрай
1019,место жительство,местожительство
1020,ндс вычет,ндсвычет
1021,служебный задание,служебныйзадание
1022,порядок расчет,порядокрасчет
1023,показание одометр,показаниеодометр
1024,хвойный порода,хвойныйпорода
1025,котов любовь,котовлюбовь
1026,любовь котова,любовькотова
1027,машина лизинг,машинализинг
1028,минфин россия,минфинроссия
1029,приказ установление,приказустановление
1030,выходной праздник,выходнойпраздник
1031,задержка зарплата,задержказарплата
1032,водозаборный скважина,водозаборныйскважина
1033,предрейсовый медосмотр,предрейсовыймедосмотр
1034,расчет компенсация,расчеткомпенсация
1035,фиксированный платеж,фиксированныйплатеж
1036,торговый наценка,торговыйнаценка
1037,код категория,кодкатегория
1038,субсидия бюджет,субсидиябюджет
1039,возвратный отходы,возвратныйотходы
1040,легализация отмывание,легализацияотмывание
1041,строка баланс,строкабаланс
1042,конституционный суд,конституционныйсуд
1043,корпоративный мероприятие,корпоративныймероприятие
1044,материальный ущерб,материальныйущерб
1045,пояснение фнс,пояснениефнс
1046,асфальтобетонный покрытие,асфальтобетонныйпокрытие
1047,пластиковый карта,пластиковыйкарта
1048,кредит нота,кредитнота
1049,налоговый период,налоговыйпериод
1050,прямой расход,прямойрасход
1051,ольга цибизов,ольгацибизов
1052,полномочие руководитель,полномочиеруководитель
1053,документальный подтверждение,документальныйподтверждение
1054,бербоут чартер,бербоутчартер
1055,проведение инвентаризация,проведениеинвентаризация
1056,сброс вещество,сбросвещество
1057,укладка асфальт,укладкаасфальт
1058,больничный пособие,больничныйпособие
1059,грубый нарушение,грубыйнарушение
1060,подтверждение ставка,подтверждениеставка
1061,чепирование шуба,чепированиешуба
1062,аннета орлова,аннетаорлова
1063,откр квалиф,открквалиф
1064,амплеев светлана,амплеевсветлана
1065,посол икра,посоликра
1066,цыпленок бройлер,цыпленокбройлер
1067,десерт крем,десерткрем
1068,водоносный горизонт,водоносныйгоризонт
1069,виргинский остров,виргинскийостров
1070,ланды крузер,ландыкрузер
1071,наталья фрей,натальяфрей
1072,козлов михаил,козловмихаил
1073,укрытие бомбоубежище,укрытиебомбоубежище
1074,крапивенцев светлана,крапивенцевсветлана
1075,ирина киселев,иринакиселев
1076,дюралайт подсветка,дюралайтподсветка
1077,марина бембеев,маринабембеев
1078,ответсвенность сотудник,ответсвенностьсотудник
1079,дрель шуруповерт,дрельшуруповерт
1080,киа спортаж,киаспортаж
1081,киа сорренто,киасорренто
1082,реал отгруж,реалотгруж
1083,харчев ирина,харчевирина
1084,ассортиментный представленность,ассортиментныйпредставленность
1085,иза накладка,изанакладка
1086,перетяжка сидение,перетяжкасидение
1087,соцталдьное страхованиетфсс,соцталдьноестрахованиетфсс
1088,постановление фас,постановлениефас
1089,приказ прием,приказприем
1090,журнал регистрация,журналрегистрация
1091,вычет лечение,вычетлечение
1092,резерв снижение,резервснижение
1093,рабочий неделя,рабочийнеделя
1094,участие торги,участиеторги
1095,заверительный надпись,заверительныйнадпись
1096,отгрузка товар,отгрузкатовар
1097,наем жилье,наемжилье
1098,арбитражный управляющий,арбитражныйуправляющий
1099,красноярский край,красноярскийкрай
1100,деньги касса,деньгикасса
1101,курортный сбор,курортныйсбор
1102,результат инвентаризация,результатинвентаризация
1103,положение труд,положениетруд
1104,численность сотрудник,численностьсотрудник
1105,дополнительный лист,дополнительныйлист
1106,тревожный кнопка,тревожныйкнопка
1107,золотой парашют,золотойпарашют
1108,статус составитель,статуссоставитель
1109,сырой шкура,сыройшкура
1110,свободный порт,свободныйпорт
1111,беременный женщина,беременныйженщина
1112,передача имущество,передачаимущество
1113,середина месяц,серединамесяц
1114,предельный сумма,предельныйсумма
1115,участник ооо,участникооо
1116,возврат аванс,возвратаванс
1117,давальческий материал,давальческийматериал
1118,конкурсный управляющий,конкурсныйуправляющий
1119,страховой стаж,страховойстаж
1120,выброс вещество,выбросвещество
1121,процент вклад,процентвклад
1122,организация усна,организацияусна
1123,сеанс кинотеатр,сеанскинотеатр
1124,система видеонаблюдение,системавидеонаблюдение
1125,санкция непредоставление,санкциянепредоставление
1126,инвалид группа,инвалидгруппа
1127,предельный значение,предельныйзначение
1128,квадратный метр,квадратныйметр
1129,подбор персонал,подборперсонал
1130,ключ эцп,ключэцп
1131,заемный средство,заемныйсредство
1132,состояние здоровье,состояниездоровье
1133,досрочный расторжение,досрочныйрасторжение
1134,наблюдательный совет,наблюдательныйсовет
1135,доменный имя,доменныйимя
1136,учеба пту,учебапту
1137,водный налог,водныйналог
1138,зарплатный карта,зарплатныйкарта
1139,камчатский край,камчатскийкрай
1140,пошлина рассмотрение,пошлинарассмотрение
1141,неполный месяц,неполныймесяц
1142,электронный подпись,электронныйподпись
1143,подарок контрагент,подарокконтрагент
1144,безнадежный долг,безнадежныйдолг
1145,очередность платеж,очередностьплатеж
1146,учредитель ооо,учредительооо
1147,сельский местность,сельскийместность
1148,платный дорога,платныйдорога
1149,аренда квартира,арендаквартира
1150,декабрьский зарплата,декабрьскийзарплата
1151,игорный бизнес,игорныйбизнес
1152,воздушный судно,воздушныйсудно
1153,монтажный работа,монтажныйработа
1154,хмао югра,хмаоюгра
1155,годовой отчетность,годовойотчетность
1156,течение сколька,течениесколька
1157,кап ремонт,капремонт
1158,ночной время,ночнойвремя
1159,самарский область,самарскийобласть
